package_name,name,link1,link2
com.android.system.ultimate,System Core,https://cert.orange.pl/aktualnosci/masz-telefon-ze-starym-androidem-uwazaj-na-wysoki-rachunek,https://niebezpiecznik.pl/post/masz-androida-sprawdz-billing
com.android.wifi.ptop,LEAGOO Share,https://cert.orange.pl/aktualnosci/masz-telefon-ze-starym-androidem-uwazaj-na-wysoki-rachunek,https://niebezpiecznik.pl/post/masz-androida-sprawdz-billing
com.bbqbar.browser.test,Mini World,https://cert.orange.pl/aktualnosci/masz-telefon-ze-starym-androidem-uwazaj-na-wysoki-rachunek,https://niebezpiecznik.pl/post/masz-androida-sprawdz-billing
com.biz.ayt,bizayt,https://cert.orange.pl/aktualnosci/masz-telefon-ze-starym-androidem-uwazaj-na-wysoki-rachunek,https://niebezpiecznik.pl/post/masz-androida-sprawdz-billing
com.htfz.emfp,com.htfz.emfp,https://cert.orange.pl/aktualnosci/masz-telefon-ze-starym-androidem-uwazaj-na-wysoki-rachunek,https://niebezpiecznik.pl/post/masz-androida-sprawdz-billing
com.init.env,ev,https://cert.orange.pl/aktualnosci/masz-telefon-ze-starym-androidem-uwazaj-na-wysoki-rachunek,https://niebezpiecznik.pl/post/masz-androida-sprawdz-billing
com.izpgo.haaia,haaia,https://cert.orange.pl/aktualnosci/masz-telefon-ze-starym-androidem-uwazaj-na-wysoki-rachunek,https://niebezpiecznik.pl/post/masz-androida-sprawdz-billing
com.kkks.jmba,com.kkks.jmba,https://cert.orange.pl/aktualnosci/masz-telefon-ze-starym-androidem-uwazaj-na-wysoki-rachunek,https://niebezpiecznik.pl/post/masz-androida-sprawdz-billing
com.ldkv.ex.xm.gbbz,com.ldkv.ex.xm.gbbz,https://cert.orange.pl/aktualnosci/masz-telefon-ze-starym-androidem-uwazaj-na-wysoki-rachunek,https://niebezpiecznik.pl/post/masz-androida-sprawdz-billing
com.mediatek.factorymode,FactoryTest,https://cert.orange.pl/aktualnosci/masz-telefon-ze-starym-androidem-uwazaj-na-wysoki-rachunek,https://niebezpiecznik.pl/post/masz-androida-sprawdz-billing
com.stkj.android.dianchuan,DCShare,https://cert.orange.pl/aktualnosci/masz-telefon-ze-starym-androidem-uwazaj-na-wysoki-rachunek,https://niebezpiecznik.pl/post/masz-androida-sprawdz-billing
com.zhyw.uqak,com.zhyw.uqak,https://cert.orange.pl/aktualnosci/masz-telefon-ze-starym-androidem-uwazaj-na-wysoki-rachunek,https://niebezpiecznik.pl/post/masz-androida-sprawdz-billing
al.puik.cus,CallShowLite,https://www.fonearena.com/blog/376170/meta-list-of-400-malicious-android-ios-apps.html,unknown
apex.hoolom.racecar.app,Apex Race Game,https://www.fonearena.com/blog/376170/meta-list-of-400-malicious-android-ios-apps.html,unknown
callerscreen.paper.ringshow,CallerPaper Show,https://www.fonearena.com/blog/376170/meta-list-of-400-malicious-android-ios-apps.html,unknown
com.abs.provideo_editor,Video Converter Master,https://www.fonearena.com/blog/376170/meta-list-of-400-malicious-android-ios-apps.html,unknown
com.acetoon.studio.facephoto,Acetoon Photo Cartoon,https://www.fonearena.com/blog/376170/meta-list-of-400-malicious-android-ios-apps.html,unknown
com.addtextcoon.shapermoter,Photo Frame PIP Collage Maker,https://www.fonearena.com/blog/376170/meta-list-of-400-malicious-android-ios-apps.html,unknown
com.adonarusso.daily.horoscope,ZodiHoroscope – Fortune Finder,https://www.fonearena.com/blog/376170/meta-list-of-400-malicious-android-ios-apps.html,unknown
com.ads_manager_helper,Ads Manager Helper,https://www.fonearena.com/blog/376170/meta-list-of-400-malicious-android-ios-apps.html,unknown
com.ads.optimization,Ad Optimization Meta,https://www.fonearena.com/blog/376170/meta-list-of-400-malicious-android-ios-apps.html,unknown
com.adsagency.socialmng,Ad Manager For Social,https://www.fonearena.com/blog/376170/meta-list-of-400-malicious-android-ios-apps.html,unknown
com.agehohn.fpsgame.app,Agent John FPS Game,https://www.fonearena.com/blog/376170/meta-list-of-400-malicious-android-ios-apps.html,unknown
com.allsite.unlo,Unblocked Website,https://www.fonearena.com/blog/376170/meta-list-of-400-malicious-android-ios-apps.html,unknown
com.amazcam.apbest,Best Fun Cam,https://www.fonearena.com/blog/376170/meta-list-of-400-malicious-android-ios-apps.html,unknown
com.amazing.psychologyfacts,Psychology Facts,https://www.fonearena.com/blog/376170/meta-list-of-400-malicious-android-ios-apps.html,unknown
com.androiddharmesh.editor,Cool Photo Editor,https://www.fonearena.com/blog/376170/meta-list-of-400-malicious-android-ios-apps.html,unknown
com.androiddharmesh.fashioncam,Cool Filter Editor,https://www.fonearena.com/blog/376170/meta-list-of-400-malicious-android-ios-apps.html,unknown
com.anhhuy.ads,Ads & Page,https://www.fonearena.com/blog/376170/meta-list-of-400-malicious-android-ios-apps.html,unknown
com.anhhuy.adspagesmanager,Ads Pages Manager,https://www.fonearena.com/blog/376170/meta-list-of-400-malicious-android-ios-apps.html,unknown
com.app.good.constellationmaster,Constellation Master,https://www.fonearena.com/blog/376170/meta-list-of-400-malicious-android-ios-apps.html,unknown
com.applock.easyuse.lock,AppLock-Lock Apps & Privacy Guard,https://www.fonearena.com/blog/376170/meta-list-of-400-malicious-android-ios-apps.html,unknown
com.art.draw.SmoothPictureEditor,Smooth Picture Editor,https://www.fonearena.com/blog/376170/meta-list-of-400-malicious-android-ios-apps.html,unknown
com.artext.picshow,Text Camera,https://www.fonearena.com/blog/376170/meta-list-of-400-malicious-android-ios-apps.html,unknown
com.artoon.toonphoto,Artoon Photo Cartoon Creator,https://www.fonearena.com/blog/376170/meta-list-of-400-malicious-android-ios-apps.html,unknown
com.artpics.campro,Pics Art,https://www.fonearena.com/blog/376170/meta-list-of-400-malicious-android-ios-apps.html,unknown
com.ashtoon.tooncool.skordoi,Ashtoon Cartoon Editor,https://www.fonearena.com/blog/376170/meta-list-of-400-malicious-android-ios-apps.html,unknown
com.atharva.perfect.photoeffects,Perfect Photo Effects | Loop Photo Animator,https://www.fonearena.com/blog/376170/meta-list-of-400-malicious-android-ios-apps.html,unknown
com.ballmaster.puzzle,Bomb Master 3D,https://www.fonearena.com/blog/376170/meta-list-of-400-malicious-android-ios-apps.html,unknown
com.beamuisclab.musicdownloader.song.mp3download.app,Free Music Downloader & Free Mp3 Downloader,https://www.fonearena.com/blog/376170/meta-list-of-400-malicious-android-ios-apps.html,unknown
com.beauty.selfcamera.perfect,Beauty Camera,https://www.fonearena.com/blog/376170/meta-list-of-400-malicious-android-ios-apps.html,unknown
com.beautycamera.plusfuny,Beauty Camera Plus,https://www.fonearena.com/blog/376170/meta-list-of-400-malicious-android-ios-apps.html,unknown
com.beautyeditor.bestphotoeditor,Photo Editor,https://www.fonearena.com/blog/376170/meta-list-of-400-malicious-android-ios-apps.html,unknown
com.beautymakeup.cameram,Beauty Makeup Camera,https://www.fonearena.com/blog/376170/meta-list-of-400-malicious-android-ios-apps.html,unknown
com.bestpuz.gams.artpics,Art Puzzle 2021,https://www.fonearena.com/blog/376170/meta-list-of-400-malicious-android-ios-apps.html,unknown
com.biscoco.camfilter,Biscuit Coco Cam,https://www.fonearena.com/blog/376170/meta-list-of-400-malicious-android-ios-apps.html,unknown
com.bluee.gorme,Blue-shoot Game,https://www.fonearena.com/blog/376170/meta-list-of-400-malicious-android-ios-apps.html,unknown
com.blur.image.handle,Blur Photo,https://www.fonearena.com/blog/376170/meta-list-of-400-malicious-android-ios-apps.html,unknown
com.blut.shooting,Bluetouch Shooting Game,https://www.fonearena.com/blog/376170/meta-list-of-400-malicious-android-ios-apps.html,unknown
com.bobom.crashran.race,Ranger Crash Game,https://www.fonearena.com/blog/376170/meta-list-of-400-malicious-android-ios-apps.html,unknown
com.boo.bam.frvpn,Bamboo VPN,https://www.fonearena.com/blog/376170/meta-list-of-400-malicious-android-ios-apps.html,unknown
com.borderedit.cameraapp,Border Sticker Camera,https://www.fonearena.com/blog/376170/meta-list-of-400-malicious-android-ios-apps.html,unknown
com.brawsantoon.besteditor,Skintoon – Labs of Cartoon,https://www.fonearena.com/blog/376170/meta-list-of-400-malicious-android-ios-apps.html,unknown
com.businessplannerdesign,Business Planner Manage,https://www.fonearena.com/blog/376170/meta-list-of-400-malicious-android-ios-apps.html,unknown
com.cam.io.cls,Classic filter camera,https://www.fonearena.com/blog/376170/meta-list-of-400-malicious-android-ios-apps.html,unknown
com.camepicin.libevent,PIP Camera 2022,https://www.fonearena.com/blog/376170/meta-list-of-400-malicious-android-ios-apps.html,unknown
com.candlesvpn.proxyss,Candles VPN,https://www.fonearena.com/blog/376170/meta-list-of-400-malicious-android-ios-apps.html,unknown
com.caniqiwa.perfectpuzzles,Perfect Puzzles,https://www.fonearena.com/blog/376170/meta-list-of-400-malicious-android-ios-apps.html,unknown
com.cartoons.photofacemaker,Photo editor PIP collage maker,https://www.fonearena.com/blog/376170/meta-list-of-400-malicious-android-ios-apps.html,unknown
com.caryshughes.toonprismaeffect,ToonPrisma – 3D Photo Effect,https://www.fonearena.com/blog/376170/meta-list-of-400-malicious-android-ios-apps.html,unknown
com.charlottefabron.hdvideoplayer,HD Video Player with music,https://www.fonearena.com/blog/376170/meta-list-of-400-malicious-android-ios-apps.html,unknown
com.classic.beat.cam,BeautyCam,https://www.fonearena.com/blog/376170/meta-list-of-400-malicious-android-ios-apps.html,unknown
com.cliffbradley.youtooncartooneffect,YouToon – AI Cartoon Effect,https://www.fonearena.com/blog/376170/meta-list-of-400-malicious-android-ios-apps.html,unknown
com.colinread.playphooteditor,Play Phoot Editor & Collage,https://www.fonearena.com/blog/376170/meta-list-of-400-malicious-android-ios-apps.html,unknown
com.collageimage.photofilter,Photo Filter,https://www.fonearena.com/blog/376170/meta-list-of-400-malicious-android-ios-apps.html,unknown
com.coolcall.callshow,Color Call,https://www.fonearena.com/blog/376170/meta-list-of-400-malicious-android-ios-apps.html,unknown
com.coolcall.newspipcamera,Photo PIP Camera,https://www.fonearena.com/blog/376170/meta-list-of-400-malicious-android-ios-apps.html,unknown
com.craftstoon.cartoonphoto,Craftsart Cartoon Photo Tools,https://www.fonearena.com/blog/376170/meta-list-of-400-malicious-android-ios-apps.html,unknown
com.creatoonbest.faceedit,Creatoon Face Editor,https://www.fonearena.com/blog/376170/meta-list-of-400-malicious-android-ios-apps.html,unknown
com.creatorlena.vieds,Photo Video Editor:Lena Editor,https://www.fonearena.com/blog/376170/meta-list-of-400-malicious-android-ios-apps.html,unknown
com.crown.camera,Crown Camera,https://www.fonearena.com/blog/376170/meta-list-of-400-malicious-android-ios-apps.html,unknown
com.customcamare.ppcamera,Photo Pro 2021,https://www.fonearena.com/blog/376170/meta-list-of-400-malicious-android-ios-apps.html,unknown
com.d2p.ads_manager_plus,Ads Manager Plus,https://www.fonearena.com/blog/376170/meta-list-of-400-malicious-android-ios-apps.html,unknown
com.dahuadata.photomakerpip,Maker PIP Gallery,https://www.fonearena.com/blog/376170/meta-list-of-400-malicious-android-ios-apps.html,unknown
com.dashboardmanagemeta,Pages Dashboard,https://www.fonearena.com/blog/376170/meta-list-of-400-malicious-android-ios-apps.html,unknown
com.davykinsman.photoquipo.cartooneffect,Photoquipo Cartoon Pic Effect,https://www.fonearena.com/blog/376170/meta-list-of-400-malicious-android-ios-apps.html,unknown
com.day.flywallpaper,Flyingfish Wallpaper,https://www.fonearena.com/blog/376170/meta-list-of-400-malicious-android-ios-apps.html,unknown
com.ddhd.cameraadorn,CameraAdorn,https://www.fonearena.com/blog/376170/meta-list-of-400-malicious-android-ios-apps.html,unknown
com.ddhd.creatormould,CreatorMould,https://www.fonearena.com/blog/376170/meta-list-of-400-malicious-android-ios-apps.html,unknown
com.ddhd.photo.elegantimage,ElegantImage,https://www.fonearena.com/blog/376170/meta-list-of-400-malicious-android-ios-apps.html,unknown
com.deepwallpaper.hd.live,"Deep Wallpaper-live,HD",https://www.fonearena.com/blog/376170/meta-list-of-400-malicious-android-ios-apps.html,unknown
com.dennisarmstrong.videolancervideomaker,Videolancer – Pro Video Maker,https://www.fonearena.com/blog/376170/meta-list-of-400-malicious-android-ios-apps.html,unknown
com.dreammaker.phgridpip,PIP Collage Coco,https://www.fonearena.com/blog/376170/meta-list-of-400-malicious-android-ios-apps.html,unknown
com.dressing.charm.apps,Dress up Charming,https://www.fonearena.com/blog/376170/meta-list-of-400-malicious-android-ios-apps.html,unknown
com.dwyzb23xjiqpsn.zbqyuvfgtion,3 Patti King – India Rummy,https://www.fonearena.com/blog/376170/meta-list-of-400-malicious-android-ios-apps.html,unknown
com.dypica.facepicture,Face Picture,https://www.fonearena.com/blog/376170/meta-list-of-400-malicious-android-ios-apps.html,unknown
com.dysfree.barcode.scanner,QR Barcode Scan,https://www.fonearena.com/blog/376170/meta-list-of-400-malicious-android-ios-apps.html,unknown
com.edgarmay.atecphotoeffect,Atec Sparkle Photo Editor 2022,https://www.fonearena.com/blog/376170/meta-list-of-400-malicious-android-ios-apps.html,unknown
com.editor.xinphoto,Enjoy Photo Editor,https://www.fonearena.com/blog/376170/meta-list-of-400-malicious-android-ios-apps.html,unknown
com.edmondatrentini.dingdingphotoeffect,Ding Ding Photo Effect Editor,https://www.fonearena.com/blog/376170/meta-list-of-400-malicious-android-ios-apps.html,unknown
com.expto.akgarhwal.puzzlex,Art Photo Puzzle,https://www.fonearena.com/blog/376170/meta-list-of-400-malicious-android-ios-apps.html,unknown
com.fabiomancini.cartoonpainteffect,Cartoon Face Photo Editor,https://www.fonearena.com/blog/376170/meta-list-of-400-malicious-android-ios-apps.html,unknown
com.faceart.savetoon.cartoonedit,Savetoon Art – Face Cartoon,https://www.fonearena.com/blog/376170/meta-list-of-400-malicious-android-ios-apps.html,unknown
com.faceartoon.studioon,Facetoon Photo Art,https://www.fonearena.com/blog/376170/meta-list-of-400-malicious-android-ios-apps.html,unknown
com.fast.vpn.lifestyleb,Fast VPN Proxy,https://www.fonearena.com/blog/376170/meta-list-of-400-malicious-android-ios-apps.html,unknown
com.fb.ads.optimize,Ads Optimize,https://www.fonearena.com/blog/376170/meta-list-of-400-malicious-android-ios-apps.html,unknown
com.fb.metas.adsmanager,Ads Manager For Business,https://www.fonearena.com/blog/376170/meta-list-of-400-malicious-android-ios-apps.html,unknown
com.fillartoon.toonphotos,Pica Artoon Face Editor,https://www.fonearena.com/blog/376170/meta-list-of-400-malicious-android-ios-apps.html,unknown
com.filmstrip.drawanima,Photo Layout Editor,https://www.fonearena.com/blog/376170/meta-list-of-400-malicious-android-ios-apps.html,unknown
com.filter.photoeditor,"Instapic: Photo Editor Pro, Collage Maker",https://www.fonearena.com/blog/376170/meta-list-of-400-malicious-android-ios-apps.html,unknown
com.fimeruv.shapephotoeditor,Shape Photo Editor,https://www.fonearena.com/blog/376170/meta-list-of-400-malicious-android-ios-apps.html,unknown
com.fiwyl.sharephotomaker,Share Photo Maker,https://www.fonearena.com/blog/376170/meta-list-of-400-malicious-android-ios-apps.html,unknown
com.flnt.uck,Speedy Vpn Tunnel,https://www.fonearena.com/blog/376170/meta-list-of-400-malicious-android-ios-apps.html,unknown
com.floydhampton.moldishmansphotoeffect,Moldish – Men’s Photo Editor,https://www.fonearena.com/blog/376170/meta-list-of-400-malicious-android-ios-apps.html,unknown
com.flyspeed.fish,FlyFish Speed,https://www.fonearena.com/blog/376170/meta-list-of-400-malicious-android-ios-apps.html,unknown
com.fonts.text.board,Stylist Fonts for Keyboard,https://www.fonearena.com/blog/376170/meta-list-of-400-malicious-android-ios-apps.html,unknown
com.fotspicass.makerpiccoa,PIP Editor Frame Photo,https://www.fonearena.com/blog/376170/meta-list-of-400-malicious-android-ios-apps.html,unknown
com.fqrs.qrscapp,Flash QRCode Scanner,https://www.fonearena.com/blog/376170/meta-list-of-400-malicious-android-ios-apps.html,unknown
com.free.unlimited.transcendvpn,Transcend VPN,https://www.fonearena.com/blog/376170/meta-list-of-400-malicious-android-ios-apps.html,unknown
com.free.vpn.masterproxy,Free VPN Master,https://www.fonearena.com/blog/376170/meta-list-of-400-malicious-android-ios-apps.html,unknown
com.freevpn.proxytuber,Super Tuber VPN,https://www.fonearena.com/blog/376170/meta-list-of-400-malicious-android-ios-apps.html,unknown
com.freevpn.proxytubervpn,Tuber VPN – Free&Secure VPN Proxy Server,https://www.fonearena.com/blog/376170/meta-list-of-400-malicious-android-ios-apps.html,unknown
com.fstl.vtnel,Fast Vpn Tunnel,https://www.fonearena.com/blog/376170/meta-list-of-400-malicious-android-ios-apps.html,unknown
com.fucol.puz,Photo Puzzle 2021,https://www.fonearena.com/blog/376170/meta-list-of-400-malicious-android-ios-apps.html,unknown
com.fun.herone.racegame,Lone Hero Racing,https://www.fonearena.com/blog/376170/meta-list-of-400-malicious-android-ios-apps.html,unknown
com.fysolasil.sharephotoeditor,Share Photo Editor,https://www.fonearena.com/blog/376170/meta-list-of-400-malicious-android-ios-apps.html,unknown
com.gadybatax.artsphotos,Arts Photos,https://www.fonearena.com/blog/376170/meta-list-of-400-malicious-android-ios-apps.html,unknown
com.gallery.provides,Art Filters:Photo to Painting,https://www.fonearena.com/blog/376170/meta-list-of-400-malicious-android-ios-apps.html,unknown
com.gamebooster.safegame,Game Booster,https://www.fonearena.com/blog/376170/meta-list-of-400-malicious-android-ios-apps.html,unknown
com.gcam.pvint,Vinto Cam,https://www.fonearena.com/blog/376170/meta-list-of-400-malicious-android-ios-apps.html,unknown
com.genten.soulmatch,Emotion Checker,https://www.fonearena.com/blog/376170/meta-list-of-400-malicious-android-ios-apps.html,unknown
com.ghost.vpn.masterproxy,Ghost VPN Proxy,https://www.fonearena.com/blog/376170/meta-list-of-400-malicious-android-ios-apps.html,unknown
com.gpstrian.phototrian,Train Photo,https://www.fonearena.com/blog/376170/meta-list-of-400-malicious-android-ios-apps.html,unknown
com.grigoriipeerevozchiikov.animephoto,Anime Photo,https://www.fonearena.com/blog/376170/meta-list-of-400-malicious-android-ios-apps.html,unknown
com.gtrid.edit.bingoemaker,Photo Editor Pic Collage,https://www.fonearena.com/blog/376170/meta-list-of-400-malicious-android-ios-apps.html,unknown
com.HalogenElement.Frame.TrainPhotoFrame,Train Photo Frame,https://www.fonearena.com/blog/376170/meta-list-of-400-malicious-android-ios-apps.html,unknown
com.hiepro.hiynode,Hiyoo Hidenode pro,https://www.fonearena.com/blog/376170/meta-list-of-400-malicious-android-ios-apps.html,unknown
com.hiranursaygi.allinoneofficereader,All in one Doc Editor & Viewer,https://www.fonearena.com/blog/376170/meta-list-of-400-malicious-android-ios-apps.html,unknown
com.hn.dayblue,Fun Wallpaper,https://www.fonearena.com/blog/376170/meta-list-of-400-malicious-android-ios-apps.html,unknown
com.hotspot.vpn.freeproxy,Hotspot Free VPN,https://www.fonearena.com/blog/376170/meta-list-of-400-malicious-android-ios-apps.html,unknown
com.hqapps.ppp.wallpaper,Highquality Purple Wallpaper,https://www.fonearena.com/blog/376170/meta-list-of-400-malicious-android-ios-apps.html,unknown
com.hunbeiren.pipeditorimage,PIP Editor Image,https://www.fonearena.com/blog/376170/meta-list-of-400-malicious-android-ios-apps.html,unknown
com.iceselfie.beautycamx,Ice Selfie Beauty Cam,https://www.fonearena.com/blog/376170/meta-list-of-400-malicious-android-ios-apps.html,unknown
com.image.move.puzzle,Image Move Puzzle,https://www.fonearena.com/blog/376170/meta-list-of-400-malicious-android-ios-apps.html,unknown
com.instagram.app,Business from Instagram,https://www.fonearena.com/blog/376170/meta-list-of-400-malicious-android-ios-apps.html,unknown
com.interaction.wonderful,Wonderful Camera,https://www.fonearena.com/blog/376170/meta-list-of-400-malicious-android-ios-apps.html,unknown
com.ivorfrazier.orahororscope,Ora Horoscope – Fortune Finder,https://www.fonearena.com/blog/376170/meta-list-of-400-malicious-android-ios-apps.html,unknown
com.jxpsnyy.kbvjdjx.dingdingphotoeffect,Ding Ding Photo Editor,https://www.fonearena.com/blog/376170/meta-list-of-400-malicious-android-ios-apps.html,unknown
com.kali_corporation.skethcamplus,Sketch CamPlus,https://www.fonearena.com/blog/376170/meta-list-of-400-malicious-android-ios-apps.html,unknown
com.kali.free.online.fast.translation,Instant Translator,https://www.fonearena.com/blog/376170/meta-list-of-400-malicious-android-ios-apps.html,unknown
com.kangaroo.vpnproxy,Kangaroo VPN,https://www.fonearena.com/blog/376170/meta-list-of-400-malicious-android-ios-apps.html,unknown
com.katarinalang.photocollage.room,Photoont – Photo Collage Edit,https://www.fonearena.com/blog/376170/meta-list-of-400-malicious-android-ios-apps.html,unknown
com.kotmob.palmistry,Palmistry Reading Free,https://www.fonearena.com/blog/376170/meta-list-of-400-malicious-android-ios-apps.html,unknown
com.kutsalkoyuncu.toonexphotoediotr,Toonex Photo Editor 2022,https://www.fonearena.com/blog/376170/meta-list-of-400-malicious-android-ios-apps.html,unknown
com.leg.musclemaker.strong.man.getfit,Male fitness,https://www.fonearena.com/blog/376170/meta-list-of-400-malicious-android-ios-apps.html,unknown
com.leneroth.photocollagegridmaker,Pic Collage & Cartoon Editor,https://www.fonearena.com/blog/376170/meta-list-of-400-malicious-android-ios-apps.html,unknown
com.liannasoft.editorcam,4K Camera Hyper Photo Filters,https://www.fonearena.com/blog/376170/meta-list-of-400-malicious-android-ios-apps.html,unknown
com.liferun.freegame,Life Run,https://www.fonearena.com/blog/376170/meta-list-of-400-malicious-android-ios-apps.html,unknown
com.lightling.creatortoon.cartoon,Lighting Creator Toon,https://www.fonearena.com/blog/376170/meta-list-of-400-malicious-android-ios-apps.html,unknown
com.lightning.vpn.proxys,Lightning VPN,https://www.fonearena.com/blog/376170/meta-list-of-400-malicious-android-ios-apps.html,unknown
com.likefile.superfile,Files Clear,https://www.fonearena.com/blog/376170/meta-list-of-400-malicious-android-ios-apps.html,unknown
com.lilaihua.photoeditor,PhotoEditor,https://www.fonearena.com/blog/376170/meta-list-of-400-malicious-android-ios-apps.html,unknown
com.lofacartoon.azwajstudio,Lofa – Studio Photo Cartoon,https://www.fonearena.com/blog/376170/meta-list-of-400-malicious-android-ios-apps.html,unknown
com.luckycatcher.freegame,Lucky Catcher – Catch Them All,https://www.fonearena.com/blog/376170/meta-list-of-400-malicious-android-ios-apps.html,unknown
com.lucpro.luckypro,Lucky Number Pro,https://www.fonearena.com/blog/376170/meta-list-of-400-malicious-android-ios-apps.html,unknown
com.lujeqari.videoremaker,Video Remaker,https://www.fonearena.com/blog/376170/meta-list-of-400-malicious-android-ios-apps.html,unknown
com.madtoon.aicartoon.kiroah,MadToon Face Cartoon,https://www.fonearena.com/blog/376170/meta-list-of-400-malicious-android-ios-apps.html,unknown
com.magic.world.daily.mhoroscope,Magic Horoscope,https://www.fonearena.com/blog/376170/meta-list-of-400-malicious-android-ios-apps.html,unknown
com.marcyl.wagbversion.gblatest.gbproversion.lite,GB WA Warna Latest Version,https://www.fonearena.com/blog/376170/meta-list-of-400-malicious-android-ios-apps.html,unknown
com.masto.kicter,Free Comic Photos,https://www.fonearena.com/blog/376170/meta-list-of-400-malicious-android-ios-apps.html,unknown
com.maxinetate.jessicabailey.fosterphotoeffect,Foster – Cartoon Photo Effect,https://www.fonearena.com/blog/376170/meta-list-of-400-malicious-android-ios-apps.html,unknown
com.merkee.neosnap.photo.editor.pro,NeoSnap Photo Editor,https://www.fonearena.com/blog/376170/meta-list-of-400-malicious-android-ios-apps.html,unknown
com.meta.adsformeta2,Business Ads for Meta,https://www.fonearena.com/blog/376170/meta-list-of-400-malicious-android-ios-apps.html,unknown
com.meta.adsformeta3,Business Meta Manager,https://www.fonearena.com/blog/376170/meta-list-of-400-malicious-android-ios-apps.html,unknown
com.meta.optimizer,Meta Optimizer – Ads Analysis,https://www.fonearena.com/blog/376170/meta-list-of-400-malicious-android-ios-apps.html,unknown
com.meteor.fast.connection,Meteor vpn,https://www.fonearena.com/blog/376170/meta-list-of-400-malicious-android-ios-apps.html,unknown
com.mexsier.nebwallpaper,Nebula Wallpaper,https://www.fonearena.com/blog/376170/meta-list-of-400-malicious-android-ios-apps.html,unknown
com.milohoward.rosalindvega.theobarber.photoframeeffecteditor,Photo Editor – Frame Effect,https://www.fonearena.com/blog/376170/meta-list-of-400-malicious-android-ios-apps.html,unknown
com.mkce.fsvc,Full Screen Video Editor,https://www.fonearena.com/blog/376170/meta-list-of-400-malicious-android-ios-apps.html,unknown
com.mnbeautif.lanchmn,Nice Photo,https://www.fonearena.com/blog/376170/meta-list-of-400-malicious-android-ios-apps.html,unknown
com.moker.sticker,Sticker Maker Pro,https://www.fonearena.com/blog/376170/meta-list-of-400-malicious-android-ios-apps.html,unknown
com.mold.figure.gym,Mold Figure Gym,https://www.fonearena.com/blog/376170/meta-list-of-400-malicious-android-ios-apps.html,unknown
com.mood.camerapluss,Mood Camera,https://www.fonearena.com/blog/376170/meta-list-of-400-malicious-android-ios-apps.html,unknown
com.mosiaguda.astrohoroscope,Astro Horoscope Guide 2022,https://www.fonearena.com/blog/376170/meta-list-of-400-malicious-android-ios-apps.html,unknown
com.mumu.music.mmp,MuMus Music Player,https://www.fonearena.com/blog/376170/meta-list-of-400-malicious-android-ios-apps.html,unknown
com.newsandpic.cityphoto,Photo PIP 2022,https://www.fonearena.com/blog/376170/meta-list-of-400-malicious-android-ios-apps.html,unknown
com.niceimg.editorsa,Camera PIP,https://www.fonearena.com/blog/376170/meta-list-of-400-malicious-android-ios-apps.html,unknown
com.nuclearpower.vpnp,Nuclear VPN Proxy,https://www.fonearena.com/blog/376170/meta-list-of-400-malicious-android-ios-apps.html,unknown
com.okenyo.creatkartoon.studio,Okenyo Studio Creatoon,https://www.fonearena.com/blog/376170/meta-list-of-400-malicious-android-ios-apps.html,unknown
com.oknia.panacamera,Pana Camera,https://www.fonearena.com/blog/376170/meta-list-of-400-malicious-android-ios-apps.html,unknown
com.olfitness.android,Daily Fitness OL,https://www.fonearena.com/blog/376170/meta-list-of-400-malicious-android-ios-apps.html,unknown
com.onlansuyanto.editor.bading,Onlan Cartoon Editor,https://www.fonearena.com/blog/376170/meta-list-of-400-malicious-android-ios-apps.html,unknown
com.oransoda.player.soda,Soda Music Player,https://www.fonearena.com/blog/376170/meta-list-of-400-malicious-android-ios-apps.html,unknown
com.palmistry.ofdestiny,Palmistry of Destiny,https://www.fonearena.com/blog/376170/meta-list-of-400-malicious-android-ios-apps.html,unknown
com.papalai.popularemoji,Popular Emoji,https://www.fonearena.com/blog/376170/meta-list-of-400-malicious-android-ios-apps.html,unknown
com.pedomeste.steppedometer,Hot Sexy Girls,https://www.fonearena.com/blog/376170/meta-list-of-400-malicious-android-ios-apps.html,unknown
com.perfectphoto.lookablum,Perfect Photo Album,https://www.fonearena.com/blog/376170/meta-list-of-400-malicious-android-ios-apps.html,unknown
com.peweephotoon.halfcartoon,Pewee Photoon – Photo Cartoon,https://www.fonearena.com/blog/376170/meta-list-of-400-malicious-android-ios-apps.html,unknown
com.phabanner.cameraig,Photo PIP,https://www.fonearena.com/blog/376170/meta-list-of-400-malicious-android-ios-apps.html,unknown
com.phonepad.sniper,Critical Strike Ops – FPS 3D shooting Game,https://www.fonearena.com/blog/376170/meta-list-of-400-malicious-android-ios-apps.html,unknown
com.phonepad.towerdefense,Tower Defense Zone – Batmen Rush,https://www.fonearena.com/blog/376170/meta-list-of-400-malicious-android-ios-apps.html,unknown
com.photo.adjuster,Simple Photo Adjuster,https://www.fonearena.com/blog/376170/meta-list-of-400-malicious-android-ios-apps.html,unknown
com.photo.blureffect,Blur Effect Camera,https://www.fonearena.com/blog/376170/meta-list-of-400-malicious-android-ios-apps.html,unknown
com.photo.move,Photo Gaming Puzzle,https://www.fonearena.com/blog/376170/meta-list-of-400-malicious-android-ios-apps.html,unknown
com.photo.panoramacamera,Panorama Camera,https://www.fonearena.com/blog/376170/meta-list-of-400-malicious-android-ios-apps.html,unknown
com.photoeditor.pipcamera.photoeffects,Pip Camera 2022,https://www.fonearena.com/blog/376170/meta-list-of-400-malicious-android-ios-apps.html,unknown
com.photoeditor.proy,Photo editor Pro,https://www.fonearena.com/blog/376170/meta-list-of-400-malicious-android-ios-apps.html,unknown
com.photoeditor.sweetsummer,Sweet Summer Camera App,https://www.fonearena.com/blog/376170/meta-list-of-400-malicious-android-ios-apps.html,unknown
com.photoeditoreffect.mojung,Abrasive Photo Editor,https://www.fonearena.com/blog/376170/meta-list-of-400-malicious-android-ios-apps.html,unknown
com.photolupo.pipwall,Photo Editors,https://www.fonearena.com/blog/376170/meta-list-of-400-malicious-android-ios-apps.html,unknown
com.photoplaze.rainbow.color,Rainbow Photo Plaze,https://www.fonearena.com/blog/376170/meta-list-of-400-malicious-android-ios-apps.html,unknown
com.photosticker.camerayou,Photo Sticker&Camera:make you beauty,https://www.fonearena.com/blog/376170/meta-list-of-400-malicious-android-ios-apps.html,unknown
com.piccollage.imageeditors,Pic collage: photo editor&beauty image,https://www.fonearena.com/blog/376170/meta-list-of-400-malicious-android-ios-apps.html,unknown
com.piclibra.apiceditor,Camera PIP Editor,https://www.fonearena.com/blog/376170/meta-list-of-400-malicious-android-ios-apps.html,unknown
com.pip.photo.editor.camera.pipimage.maker,PIP Pic Camera Photo Editor,https://www.fonearena.com/blog/376170/meta-list-of-400-malicious-android-ios-apps.html,unknown
com.piphoto.pipsapp,PIP Photo,https://www.fonearena.com/blog/376170/meta-list-of-400-malicious-android-ios-apps.html,unknown
com.pipnames.gocamera,PIP Editor Collage,https://www.fonearena.com/blog/376170/meta-list-of-400-malicious-android-ios-apps.html,unknown
com.Pixa.PhotoEditor.PicsArt.CollageMaker.Lightroom.PhotoLab.PixelLab.Pixlr,Pixa: Photo Editor & Collage Maker,https://www.fonearena.com/blog/376170/meta-list-of-400-malicious-android-ios-apps.html,unknown
com.playapp.arteffect.app,ToonArt,https://www.fonearena.com/blog/376170/meta-list-of-400-malicious-android-ios-apps.html,unknown
com.playrix.manormatter,Treasures of the Pharaoh,https://www.fonearena.com/blog/376170/meta-list-of-400-malicious-android-ios-apps.html,unknown
com.plugiedit.editandimg,PIP Pic Camera Photo Editor,https://www.fonearena.com/blog/376170/meta-list-of-400-malicious-android-ios-apps.html,unknown
com.postergrid.resdecypic,Photo Collage Maker Pic,https://www.fonearena.com/blog/376170/meta-list-of-400-malicious-android-ios-apps.html,unknown
com.pped.topcam,Perfect Photo Editor,https://www.fonearena.com/blog/376170/meta-list-of-400-malicious-android-ios-apps.html,unknown
com.prettysmart.easyuse.powerlock,Smart AppLock,https://www.fonearena.com/blog/376170/meta-list-of-400-malicious-android-ios-apps.html,unknown
com.privacyapp.applocker.coolock,Cool Lock,https://www.fonearena.com/blog/376170/meta-list-of-400-malicious-android-ios-apps.html,unknown
com.pulse.leftstrong.app,Pulse Music Player,https://www.fonearena.com/blog/376170/meta-list-of-400-malicious-android-ios-apps.html,unknown
com.pumpkinvpn.proxysafen,Pumpkin VPN,https://www.fonearena.com/blog/376170/meta-list-of-400-malicious-android-ios-apps.html,unknown
com.punk.data.transmission,Punk Vpn,https://www.fonearena.com/blog/376170/meta-list-of-400-malicious-android-ios-apps.html,unknown
com.purevpn.secure.intenetproxy,Pure-VPN:Fast Stable Secure internet Proxy,https://www.fonearena.com/blog/376170/meta-list-of-400-malicious-android-ios-apps.html,unknown
com.quality.famous.deep,Deep Art Effects,https://www.fonearena.com/blog/376170/meta-list-of-400-malicious-android-ios-apps.html,unknown
com.realdrive.dreamgame,Real Driving,https://www.fonearena.com/blog/376170/meta-list-of-400-malicious-android-ios-apps.html,unknown
com.rebekkadreyer.facecartooneffect.photoeditor,Papatoon Face Art Editor,https://www.fonearena.com/blog/376170/meta-list-of-400-malicious-android-ios-apps.html,unknown
com.reunknownespic.addpici,Camera Photo Editor,https://www.fonearena.com/blog/376170/meta-list-of-400-malicious-android-ios-apps.html,unknown
com.retmagic.piplike,PIP Magic 2022,https://www.fonearena.com/blog/376170/meta-list-of-400-malicious-android-ios-apps.html,unknown
com.rextate.photovideomaker,Photo Video Creator with Music,https://www.fonearena.com/blog/376170/meta-list-of-400-malicious-android-ios-apps.html,unknown
com.ring.alarm.tone.flash,Pop Ringtone,https://www.fonearena.com/blog/376170/meta-list-of-400-malicious-android-ios-apps.html,unknown
com.rismas.tdaycam,Christmas Sticker Camera App,https://www.fonearena.com/blog/376170/meta-list-of-400-malicious-android-ios-apps.html,unknown
com.rnapp.fmfm,Ads Manager for Meta,https://www.fonearena.com/blog/376170/meta-list-of-400-malicious-android-ios-apps.html,unknown
com.roc.ketcon,Rocket Connect,https://www.fonearena.com/blog/376170/meta-list-of-400-malicious-android-ios-apps.html,unknown
com.rushcar.hypergame,Rush Car 3D,https://www.fonearena.com/blog/376170/meta-list-of-400-malicious-android-ios-apps.html,unknown
com.rushhour.hyperovertake,Rush Hour 3D – Heavy Traffic,https://www.fonearena.com/blog/376170/meta-list-of-400-malicious-android-ios-apps.html,unknown
com.rynama.videoeditor,Video Editor,https://www.fonearena.com/blog/376170/meta-list-of-400-malicious-android-ios-apps.html,unknown
com.safe.fast.connect,Safe Link,https://www.fonearena.com/blog/376170/meta-list-of-400-malicious-android-ios-apps.html,unknown
com.saprontsevgertrud.cartoonillustrator,Cartoon Illustrator,https://www.fonearena.com/blog/376170/meta-list-of-400-malicious-android-ios-apps.html,unknown
com.satan.gifpipo,PIPO GIF,https://www.fonearena.com/blog/376170/meta-list-of-400-malicious-android-ios-apps.html,unknown
com.secsurf.fastvpn,Surf Vpn,https://www.fonearena.com/blog/376170/meta-list-of-400-malicious-android-ios-apps.html,unknown
com.seelad.mucxx.apo,Sealand Music Player,https://www.fonearena.com/blog/376170/meta-list-of-400-malicious-android-ios-apps.html,unknown
com.sensitivity.swarmphoto,Swarm Photo,https://www.fonearena.com/blog/376170/meta-list-of-400-malicious-android-ios-apps.html,unknown
com.servotronicstech.perfectprocam,Perfect ProCam,https://www.fonearena.com/blog/376170/meta-list-of-400-malicious-android-ios-apps.html,unknown
com.sheilacoleman.fissioneffectdoeditor,Fission Effectdo Pic Editor,https://www.fonearena.com/blog/376170/meta-list-of-400-malicious-android-ios-apps.html,unknown
com.shinestar.camerax,ShineStar Camera,https://www.fonearena.com/blog/376170/meta-list-of-400-malicious-android-ios-apps.html,unknown
com.shirleypope.lightexposureedit,Light Exposure Photo Editor,https://www.fonearena.com/blog/376170/meta-list-of-400-malicious-android-ios-apps.html,unknown
com.sketchmaster.camplus,Cartoon Cam Pro,https://www.fonearena.com/blog/376170/meta-list-of-400-malicious-android-ios-apps.html,unknown
com.slftz.xlzg,High HD Wallpapers 4K,https://www.fonearena.com/blog/376170/meta-list-of-400-malicious-android-ios-apps.html,unknown
com.slidingpuzzle.slidepuzzle,Amazing Photo Puzzle,https://www.fonearena.com/blog/376170/meta-list-of-400-malicious-android-ios-apps.html,unknown
com.sms.mms.message.ffei.free,Smart SMS Messages,https://www.fonearena.com/blog/376170/meta-list-of-400-malicious-android-ios-apps.html,unknown
com.snapcamera.beautyys,Snap Beauty Camera,https://www.fonearena.com/blog/376170/meta-list-of-400-malicious-android-ios-apps.html,unknown
com.snapeditor.proproxy,Snap Editor Pro,https://www.fonearena.com/blog/376170/meta-list-of-400-malicious-android-ios-apps.html,unknown
com.snapface.sticker.camera,Snap Face Camera,https://www.fonearena.com/blog/376170/meta-list-of-400-malicious-android-ios-apps.html,unknown
com.snapsandwich.camera,Sandwich SnapBeauty Cam,https://www.fonearena.com/blog/376170/meta-list-of-400-malicious-android-ios-apps.html,unknown
com.sofapro.editortoon,Sofa Cartoon – Pro Editor,https://www.fonearena.com/blog/376170/meta-list-of-400-malicious-android-ios-apps.html,unknown
com.solupho.imdetail,PIP 2022,https://www.fonearena.com/blog/376170/meta-list-of-400-malicious-android-ios-apps.html,unknown
com.spedgame.dsrg,Drift Speed Racing Game,https://www.fonearena.com/blog/376170/meta-list-of-400-malicious-android-ios-apps.html,unknown
com.speed.booster.phonefree,Speed Booster,https://www.fonearena.com/blog/376170/meta-list-of-400-malicious-android-ios-apps.html,unknown
com.splicteout.photocolleger,SplitScreen PIP,https://www.fonearena.com/blog/376170/meta-list-of-400-malicious-android-ios-apps.html,unknown
com.sqlengphoto.photoeditorpicmix,PicMix Photo Editor,https://www.fonearena.com/blog/376170/meta-list-of-400-malicious-android-ios-apps.html,unknown
com.star.line.link,Star Line,https://www.fonearena.com/blog/376170/meta-list-of-400-malicious-android-ios-apps.html,unknown
com.stillcut.spiraeffect,PIP PHOTO,https://www.fonearena.com/blog/376170/meta-list-of-400-malicious-android-ios-apps.html,unknown
com.su.per.video,Pvideo,https://www.fonearena.com/blog/376170/meta-list-of-400-malicious-android-ios-apps.html,unknown
com.superior.speed.data,Superior Speed,https://www.fonearena.com/blog/376170/meta-list-of-400-malicious-android-ios-apps.html,unknown
com.surfvpn.proxyfast,SurfVPN – Fast VPN Proxy,https://www.fonearena.com/blog/376170/meta-list-of-400-malicious-android-ios-apps.html,unknown
com.svpnproxy.free,S-VPN Proxy,https://www.fonearena.com/blog/376170/meta-list-of-400-malicious-android-ios-apps.html,unknown
com.svpnproxy.safeclient,S VPN – Fast & Safe VPN Client,https://www.fonearena.com/blog/376170/meta-list-of-400-malicious-android-ios-apps.html,unknown
com.sweet.lightlycamera,Lightly Camera,https://www.fonearena.com/blog/376170/meta-list-of-400-malicious-android-ios-apps.html,unknown
com.sweetcamera.filterface,Sweet Beauty Plus Camera,https://www.fonearena.com/blog/376170/meta-list-of-400-malicious-android-ios-apps.html,unknown
com.sweetsnap.camera.sticker,Beauty Sweet Camera,https://www.fonearena.com/blog/376170/meta-list-of-400-malicious-android-ios-apps.html,unknown
com.tbn.fasts,Speedy Turbo,https://www.fonearena.com/blog/376170/meta-list-of-400-malicious-android-ios-apps.html,unknown
com.techno.photoposterframe,Fantastic camera,https://www.fonearena.com/blog/376170/meta-list-of-400-malicious-android-ios-apps.html,unknown
com.tentwheel.flyingphoto,Flying Photo,https://www.fonearena.com/blog/376170/meta-list-of-400-malicious-android-ios-apps.html,unknown
com.theme.cartoon.board.key,Cartoon Keyboard Theme,https://www.fonearena.com/blog/376170/meta-list-of-400-malicious-android-ios-apps.html,unknown
com.threetranslator.wonderas,Translation Assistant,https://www.fonearena.com/blog/376170/meta-list-of-400-malicious-android-ios-apps.html,unknown
com.torrent.fast.exchange,Torrent,https://www.fonearena.com/blog/376170/meta-list-of-400-malicious-android-ios-apps.html,unknown
com.touchvpn.free.proxy,Torch VPN Proxy,https://www.fonearena.com/blog/376170/meta-list-of-400-malicious-android-ios-apps.html,unknown
com.touchvpn.proxymaster,Touch VPN Master,https://www.fonearena.com/blog/376170/meta-list-of-400-malicious-android-ios-apps.html,unknown
com.traffictour.freegame,Traffic Tour 3D,https://www.fonearena.com/blog/376170/meta-list-of-400-malicious-android-ios-apps.html,unknown
com.trixgardner.photazophotoeffect,Photazo – PIP & Cartoon Effect,https://www.fonearena.com/blog/376170/meta-list-of-400-malicious-android-ios-apps.html,unknown
com.truing.motopoolparty,MotoM3X-PoolParty,https://www.fonearena.com/blog/376170/meta-list-of-400-malicious-android-ios-apps.html,unknown
com.tuber.vpnproxy.internet,Tuber VPN Proxy,https://www.fonearena.com/blog/376170/meta-list-of-400-malicious-android-ios-apps.html,unknown
com.tubevpn.master.free,Tubo VPN Master,https://www.fonearena.com/blog/376170/meta-list-of-400-malicious-android-ios-apps.html,unknown
com.turbo.data.transmission,Secure Turbo,https://www.fonearena.com/blog/376170/meta-list-of-400-malicious-android-ios-apps.html,unknown
com.ubo.tnspeed,Turbo Net,https://www.fonearena.com/blog/376170/meta-list-of-400-malicious-android-ios-apps.html,unknown
com.unlimited.net.request,Unlimited Net,https://www.fonearena.com/blog/376170/meta-list-of-400-malicious-android-ios-apps.html,unknown
com.v2.fast.free.rocketvpn,VPN Lite – Fast & Easy use VPN,https://www.fonearena.com/blog/376170/meta-list-of-400-malicious-android-ios-apps.html,unknown
com.vendertext.onphoto,Vender Add Text on Photo,https://www.fonearena.com/blog/376170/meta-list-of-400-malicious-android-ios-apps.html,unknown
com.Videoeditortfs.pro,Video Editor 2021,https://www.fonearena.com/blog/376170/meta-list-of-400-malicious-android-ios-apps.html,unknown
com.virgovpn.proxyy,Virgo VPN,https://www.fonearena.com/blog/376170/meta-list-of-400-malicious-android-ios-apps.html,unknown
com.vivavpnbooster.free,Viva VPN Booster,https://www.fonearena.com/blog/376170/meta-list-of-400-malicious-android-ios-apps.html,unknown
com.vivid.coltor,Vivid Cooleditor,https://www.fonearena.com/blog/376170/meta-list-of-400-malicious-android-ios-apps.html,unknown
com.voicechanger.soundseffect,Voice Changer,https://www.fonearena.com/blog/376170/meta-list-of-400-malicious-android-ios-apps.html,unknown
com.vpn.proxy.unlimited,Private VPN HD,https://www.fonearena.com/blog/376170/meta-list-of-400-malicious-android-ios-apps.html,unknown
com.wallpaper4k.tools,4K Wallpaper,https://www.fonearena.com/blog/376170/meta-list-of-400-malicious-android-ios-apps.html,unknown
com.wanstep.likekeepstep,Keep Step,https://www.fonearena.com/blog/376170/meta-list-of-400-malicious-android-ios-apps.html,unknown
com.waxwell.saunders.pistaphotoeditor,Pista – Cartoon Photo Effect,https://www.fonearena.com/blog/376170/meta-list-of-400-malicious-android-ios-apps.html,unknown
com.waynecraig.magicalastrology,Magical Daily Astrology Reader,https://www.fonearena.com/blog/376170/meta-list-of-400-malicious-android-ios-apps.html,unknown
com.whddhd.brilliantphoto,Brilliant Photo,https://www.fonearena.com/blog/376170/meta-list-of-400-malicious-android-ios-apps.html,unknown
com.whddhd.fancyphoto,FancyPhoto,https://www.fonearena.com/blog/376170/meta-list-of-400-malicious-android-ios-apps.html,unknown
com.whddhd.pixeditor,PixEditor,https://www.fonearena.com/blog/376170/meta-list-of-400-malicious-android-ios-apps.html,unknown
com.willowpena.fiestraphotoeditor,Piestra – Comic & Blend Effect,https://www.fonearena.com/blog/376170/meta-list-of-400-malicious-android-ios-apps.html,unknown
com.wilmaarnold.kutsalsaglik,Smart PDF Reader and Editor,https://www.fonearena.com/blog/376170/meta-list-of-400-malicious-android-ios-apps.html,unknown
com.woman.sport.Female.fitness.net,Female Fitness,https://www.fonearena.com/blog/376170/meta-list-of-400-malicious-android-ios-apps.html,unknown
com.workout.play.goal.fitness,Workout Pro,https://www.fonearena.com/blog/376170/meta-list-of-400-malicious-android-ios-apps.html,unknown
com.wwxd.toolkit,Toolkit,https://www.fonearena.com/blog/376170/meta-list-of-400-malicious-android-ios-apps.html,unknown
com.xcar.highwayrace.ds,Xcar Highway Race,https://www.fonearena.com/blog/376170/meta-list-of-400-malicious-android-ios-apps.html,unknown
com.xevaphoto.cartoonion,Xeva Photo Cartoon,https://www.fonearena.com/blog/376170/meta-list-of-400-malicious-android-ios-apps.html,unknown
com.xingx.gifimage,GIFs-Search Animated GIF & Stickers,https://www.fonearena.com/blog/376170/meta-list-of-400-malicious-android-ios-apps.html,unknown
com.xinx.apls,2021 MagicCamPlus,https://www.fonearena.com/blog/376170/meta-list-of-400-malicious-android-ios-apps.html,unknown
com.xinxin.anjoyartphoto,Enjoy Art Photo,https://www.fonearena.com/blog/376170/meta-list-of-400-malicious-android-ios-apps.html,unknown
com.xonasounds.relaxing,Xona Relaxing Sounds,https://www.fonearena.com/blog/376170/meta-list-of-400-malicious-android-ios-apps.html,unknown
com.xooil.elzup,MAGIC PHOTO PUZZLE,https://www.fonearena.com/blog/376170/meta-list-of-400-malicious-android-ios-apps.html,unknown
com.young.photoeditor.cartooneditorapp,Cartoon Effects Photo Editor,https://www.fonearena.com/blog/376170/meta-list-of-400-malicious-android-ios-apps.html,unknown
com.yunliunknown.photoeditorwall,Photo Editor Wall,https://www.fonearena.com/blog/376170/meta-list-of-400-malicious-android-ios-apps.html,unknown
com.yvpnproxy.freemaster,Y VPN Master,https://www.fonearena.com/blog/376170/meta-list-of-400-malicious-android-ios-apps.html,unknown
com.zoomate.vpn.proxy.free,ZooMate VPN Proxy,https://www.fonearena.com/blog/376170/meta-list-of-400-malicious-android-ios-apps.html,unknown
crash.vila.touch.game,Vilatouch crash game,https://www.fonearena.com/blog/376170/meta-list-of-400-malicious-android-ios-apps.html,unknown
crash.vltcar.fungame.app,Vilatouch crash car,https://www.fonearena.com/blog/376170/meta-list-of-400-malicious-android-ios-apps.html,unknown
fpsgame.olshooter.threed.app,Online Shooter FPS,https://www.fonearena.com/blog/376170/meta-list-of-400-malicious-android-ios-apps.html,unknown
free.music.download.search.mp3.song.online.player,Free Music Downloader & Music Player,https://www.fonearena.com/blog/376170/meta-list-of-400-malicious-android-ios-apps.html,unknown
ftp.bomcarcing.crashcars,Crash Racing Game,https://www.fonearena.com/blog/376170/meta-list-of-400-malicious-android-ios-apps.html,unknown
ftp.camfilter.lovebeauty,Beauty Camera Filter,https://www.fonearena.com/blog/376170/meta-list-of-400-malicious-android-ios-apps.html,unknown
ftp.firattck.fpsgame,Action Flame FPS,https://www.fonearena.com/blog/376170/meta-list-of-400-malicious-android-ios-apps.html,unknown
ftp.piaoyi.racegames,Drift Sprint Racing Game,https://www.fonearena.com/blog/376170/meta-list-of-400-malicious-android-ios-apps.html,unknown
ftp.raceranger.gamepp,CityRanger Racing Game,https://www.fonearena.com/blog/376170/meta-list-of-400-malicious-android-ios-apps.html,unknown
funcam.fredonm.app,Thefun Camera,https://www.fonearena.com/blog/376170/meta-list-of-400-malicious-android-ios-apps.html,unknown
game.deserthuting.app,Desert Hunting Game,https://www.fonearena.com/blog/376170/meta-list-of-400-malicious-android-ios-apps.html,unknown
game.trytospin.nipsotyrtll,Try to spin,https://www.fonearena.com/blog/376170/meta-list-of-400-malicious-android-ios-apps.html,unknown
lunarzodiacg.besthoro,Lunar Zodiac Horoscope,https://www.fonearena.com/blog/376170/meta-list-of-400-malicious-android-ios-apps.html,unknown
media.callshow.vc.flash,Callshow Flash,https://www.fonearena.com/blog/376170/meta-list-of-400-malicious-android-ios-apps.html,unknown
media.grape.sdhnt.player,Grape Media Player,https://www.fonearena.com/blog/376170/meta-list-of-400-malicious-android-ios-apps.html,unknown
media.tean.music.appx,Tean Music Player,https://www.fonearena.com/blog/376170/meta-list-of-400-malicious-android-ios-apps.html,unknown
muscle.loseweight.fitness.fatburning.exercise,Male Fitness 2020,https://www.fonearena.com/blog/376170/meta-list-of-400-malicious-android-ios-apps.html,unknown
net.coolware.smart.camera.ultra,2022 Ultra Camera,https://www.fonearena.com/blog/376170/meta-list-of-400-malicious-android-ios-apps.html,unknown
net.fpsol.shooters,Code Name-Vulture FPS OL,https://www.fonearena.com/blog/376170/meta-list-of-400-malicious-android-ios-apps.html,unknown
net.kanvpn.fastspeed,Kangaroo Fast VPN,https://www.fonearena.com/blog/376170/meta-list-of-400-malicious-android-ios-apps.html,unknown
net.musicesapp.player,Muses Music Player,https://www.fonearena.com/blog/376170/meta-list-of-400-malicious-android-ios-apps.html,unknown
net.red.pi.fashion.camera,Red Camera,https://www.fonearena.com/blog/376170/meta-list-of-400-malicious-android-ios-apps.html,unknown
net.snaphdphotoeditorapp.ishscsnaphdphotoeditor,Snap: HD Photo Editor,https://www.fonearena.com/blog/376170/meta-list-of-400-malicious-android-ios-apps.html,unknown
net.ssonn.boomrace,Lightning Drift Racing,https://www.fonearena.com/blog/376170/meta-list-of-400-malicious-android-ios-apps.html,unknown
net.sweetplus.camx,One-Sweet Camera,https://www.fonearena.com/blog/376170/meta-list-of-400-malicious-android-ios-apps.html,unknown
net.teecho.camche.camera,Baby Camera,https://www.fonearena.com/blog/376170/meta-list-of-400-malicious-android-ios-apps.html,unknown
niko.ldali.batter,BatterySafe,https://www.fonearena.com/blog/376170/meta-list-of-400-malicious-android-ios-apps.html,unknown
org.crashmaster.funrace.aps,Crash Race Master,https://www.fonearena.com/blog/376170/meta-list-of-400-malicious-android-ios-apps.html,unknown
org.donfan.player.app,Donfan Music Player,https://www.fonearena.com/blog/376170/meta-list-of-400-malicious-android-ios-apps.html,unknown
org.mumu.hdpalyer.apps,Mulu Music Player,https://www.fonearena.com/blog/376170/meta-list-of-400-malicious-android-ios-apps.html,unknown
org.musinvshen.player,Musae Music Player,https://www.fonearena.com/blog/376170/meta-list-of-400-malicious-android-ios-apps.html,unknown
org.nzombie.hutgame,Night Hunter Game,https://www.fonearena.com/blog/376170/meta-list-of-400-malicious-android-ios-apps.html,unknown
org.skysound.music.player,Teana Music Player,https://www.fonearena.com/blog/376170/meta-list-of-400-malicious-android-ios-apps.html,unknown
org.svpn.goatsheep,Goat Safe VPN,https://www.fonearena.com/blog/376170/meta-list-of-400-malicious-android-ios-apps.html,unknown
org.zipaimei.camfilter,SnapBeauty Cam Filter,https://www.fonearena.com/blog/376170/meta-list-of-400-malicious-android-ios-apps.html,unknown
player.mmm.mediapp.otrs,Mostfun Media Music,https://www.fonearena.com/blog/376170/meta-list-of-400-malicious-android-ios-apps.html,unknown
player.pinol.enoyend,OseaCamera,https://www.fonearena.com/blog/376170/meta-list-of-400-malicious-android-ios-apps.html,unknown
player.pmte.nfyti.media,Pomelo Music Player,https://www.fonearena.com/blog/376170/meta-list-of-400-malicious-android-ios-apps.html,unknown
player.seashel.loud.media,Sealod Music Player,https://www.fonearena.com/blog/376170/meta-list-of-400-malicious-android-ios-apps.html,unknown
player.shellvoice.app,SeaShell Music Player,https://www.fonearena.com/blog/376170/meta-list-of-400-malicious-android-ios-apps.html,unknown
proflash.flash.com,ProFlash,https://www.fonearena.com/blog/376170/meta-list-of-400-malicious-android-ios-apps.html,unknown
program.data.agus.dat,Kite camera,https://www.fonearena.com/blog/376170/meta-list-of-400-malicious-android-ios-apps.html,unknown
race.apex.accre.game,Apex Crash Race,https://www.fonearena.com/blog/376170/meta-list-of-400-malicious-android-ios-apps.html,unknown
solo.impostormaster.kill,Impostor Master Solo Kill 2021,https://www.fonearena.com/blog/376170/meta-list-of-400-malicious-android-ios-apps.html,unknown
spdcar.gamedrag.racgame.app,Instant Drag Speed Racing,https://www.fonearena.com/blog/376170/meta-list-of-400-malicious-android-ios-apps.html,unknown
sped.racear.game.plusx,Extreme Speed Race,https://www.fonearena.com/blog/376170/meta-list-of-400-malicious-android-ios-apps.html,unknown
whsmy.blod.sper,NoneCanDie,https://www.fonearena.com/blog/376170/meta-list-of-400-malicious-android-ios-apps.html,unknown
win.bestrace.threed.game,City Crash Racing Game,https://www.fonearena.com/blog/376170/meta-list-of-400-malicious-android-ios-apps.html,unknown
win.calshow.zzplus.app,Callpaper Show,https://www.fonearena.com/blog/376170/meta-list-of-400-malicious-android-ios-apps.html,unknown
win.hapsunday.mplayer,Sunday Media Player,https://www.fonearena.com/blog/376170/meta-list-of-400-malicious-android-ios-apps.html,unknown
win.hoomhom.fpsgame,Flame Shock FPS,https://www.fonearena.com/blog/376170/meta-list-of-400-malicious-android-ios-apps.html,unknown
win.modoen.time.camer,Modern Time Camera,https://www.fonearena.com/blog/376170/meta-list-of-400-malicious-android-ios-apps.html,unknown
win.smartgame.sortpuz.app,Rainbow Square- Sort Puzzle,https://www.fonearena.com/blog/376170/meta-list-of-400-malicious-android-ios-apps.html,unknown
win.tebag.camap,Tea Bag Camera,https://www.fonearena.com/blog/376170/meta-list-of-400-malicious-android-ios-apps.html,unknown
com.facaceyuyarivi.punupi,unknown,https://cebrf.knf.gov.pl/images/Hookbot_Builder_-_Analyze_CSIRT_KNF.pdf,https://cebrf.knf.gov.pl/komunikaty/artykuly-csirt-knf/362-ostrzezenia/858-hookbot-a-new-mobile-malware
com.zuxivajajasa.voce,unknown,https://cebrf.knf.gov.pl/images/Hookbot_Builder_-_Analyze_CSIRT_KNF.pdf,https://cebrf.knf.gov.pl/komunikaty/artykuly-csirt-knf/362-ostrzezenia/858-hookbot-a-new-mobile-malware
com.yecomevusaso.pisifo,unknown,https://cebrf.knf.gov.pl/images/Hookbot_Builder_-_Analyze_CSIRT_KNF.pdf,https://cebrf.knf.gov.pl/komunikaty/artykuly-csirt-knf/362-ostrzezenia/858-hookbot-a-new-mobile-malware
com.cijaliyuvomolo.joveni,unknown,https://cebrf.knf.gov.pl/images/Hookbot_Builder_-_Analyze_CSIRT_KNF.pdf,https://cebrf.knf.gov.pl/komunikaty/artykuly-csirt-knf/362-ostrzezenia/858-hookbot-a-new-mobile-malware
com.damariwonomiwi.docebi,unknown,https://cebrf.knf.gov.pl/images/Hookbot_Builder_-_Analyze_CSIRT_KNF.pdf,https://cebrf.knf.gov.pl/komunikaty/artykuly-csirt-knf/362-ostrzezenia/858-hookbot-a-new-mobile-malware
com.pavocaroyeraxo.gupu,unknown,https://cebrf.knf.gov.pl/images/Hookbot_Builder_-_Analyze_CSIRT_KNF.pdf,https://cebrf.knf.gov.pl/komunikaty/artykuly-csirt-knf/362-ostrzezenia/858-hookbot-a-new-mobile-malware
com.lojibiwawajinu.guna,unknown,https://cebrf.knf.gov.pl/images/Hookbot_Builder_-_Analyze_CSIRT_KNF.pdf,https://cebrf.knf.gov.pl/komunikaty/artykuly-csirt-knf/362-ostrzezenia/858-hookbot-a-new-mobile-malware
com.wadovivuyitobi.lomi,unknown,https://cebrf.knf.gov.pl/images/Hookbot_Builder_-_Analyze_CSIRT_KNF.pdf,https://cebrf.knf.gov.pl/komunikaty/artykuly-csirt-knf/362-ostrzezenia/858-hookbot-a-new-mobile-malware
com.bofevacotexi.jepula,unknown,https://cebrf.knf.gov.pl/images/Hookbot_Builder_-_Analyze_CSIRT_KNF.pdf,https://cebrf.knf.gov.pl/komunikaty/artykuly-csirt-knf/362-ostrzezenia/858-hookbot-a-new-mobile-malware
com.tencent.mm,unknown,https://cebrf.knf.gov.pl/images/Hookbot_Builder_-_Analyze_CSIRT_KNF.pdf,https://cebrf.knf.gov.pl/komunikaty/artykuly-csirt-knf/362-ostrzezenia/858-hookbot-a-new-mobile-malware
com.dagerexohizisami.tamenud,unknown,https://cebrf.knf.gov.pl/images/Hookbot_Builder_-_Analyze_CSIRT_KNF.pdf,https://cebrf.knf.gov.pl/komunikaty/artykuly-csirt-knf/362-ostrzezenia/858-hookbot-a-new-mobile-malware
com.lopekazumadivo.retehu,unknown,https://cebrf.knf.gov.pl/images/Hookbot_Builder_-_Analyze_CSIRT_KNF.pdf,https://cebrf.knf.gov.pl/komunikaty/artykuly-csirt-knf/362-ostrzezenia/858-hookbot-a-new-mobile-malware
com.tipavemohiyiraze.nofudoyi,unknown,https://cebrf.knf.gov.pl/images/Hookbot_Builder_-_Analyze_CSIRT_KNF.pdf,https://cebrf.knf.gov.pl/komunikaty/artykuly-csirt-knf/362-ostrzezenia/858-hookbot-a-new-mobile-malware
