package_name,permhash
com.clstudios.screenlock,57fecdc2054f0d57e17fc2589c2bb9d230a574524f2528ef0e8d4468e9355e41
io.keybase.ossifrage,672554c9b7685705f99c2c41e88c68ccb204d65c3456074744d54f9c17b7985c
com.onrender.bloxland.blox_scada_android,6612f07c0700b5247761eb84affc20c1c339adaa9b112f63e51029d1c087720a
com.google.android.music,b6564ef7e72bf868850ae934ba57c0badc4d140c3d142e6f26891fc5a922609a
com.instagram.android,94e56f164cd3aa3c520fbe00b03c56c812583121d03fee22ad81810eb261b3ba
com.guardian,d525f85f58089e690f008a8ad9f442c424563707b3a92327a0dba66b220ea225
pl.encom.parcel,5b7650826786791b5279b88960af9b393c965d74d06d8ccef835c0334b91a0f3
pl.janpogocki.icm.pogoda,fbfe5af78d5243e3ada8cdb7c9d9a3c0cdd5e8f6bd9ef2a431476d134cfe4bf8
com.onrender.bloxland.blox_ppr,c2c6801de4f7d5f27e3d6a8c08b00ee2f31379c65903b94cc52ebed7c07e0139
com.google.android.apps.giant,25f1992e481a737fc53868119d3707599f60f02fab996dc1fa53603559601c03
info.solocrowd.android.moonphase.free,c01e0ecc50f39280070775f906f8feed9bc9d1853bad3aee5b0fcdbdbf35d48e
com.funnycat.virustotal,774a9149f525baed6170b29102562609025a4c5a7ca49d96e15865702a4eca34
com.onrender.bloxland.blo_x_reader,8a8c5d8e4b523198f557e6ac226a387c82e2f8d9f7aea32d0c0cecf0eaeda851
com.google.samples.apps.nowinandroid,b8270af250e751888de7ffe9d9978ab10f9d9bf1e9a26dba8ee118d59e9af661
com.google.android.tts,1396a83302830ab62eadae3d5569e51d5e40eb4d0f0a6ebb85b0f136ee7470fb
pl.tajchert.canary,3de0c1e9aa80cdd3b2d5c081146207e9f6c91d796040fea053c5420478ebe5bd
